item_id,min_qty,unit_price,notes
rails_2u,10.0,18.0,
eps_bay,10.0,38.0,
end_frame,1.0,41.0,
end_plate,1.0,41.0,
dummies_18650,20.0,1.0,
eps_bay_inserts,20.0,1.0,
eps_bay_standoffs,20.0,1.0,
pcb_holders_short,20.0,1.0,
pcb_holders_long,20.0,1.0,
eps_mainboard,20.0,99.0,
bc_pcb_pcb,80.0,2.0,
bc_pcb_comp,80.0,3.0,
buck_pcb,20.0,5.0,
buck_comp,20.0,38.0,
charger_pcb,20.0,3.0,
charger_comp,20.0,7.0,
mcu_carrier,20.0,40.0,
cm5_carrier,20.0,40.0,
util_breadboard,40.0,12.0,
bacbus_12,160.0,0.5,
bacbus_30,160.0,0.75,
coretx_ra,10.0,0.664,
coretx_ra,100.0,0.5641,
m3x30,100.0,0.28,
m3x30,1000.0,0.23,
m3_nuts,1000.0,0.05,
m3_washers,1000.0,0.05,
m2x4,1.0,0.0,
m2x_unknown,1.0,0.0,
m2_washers,1.0,0.0,
m3x10,100.0,0.28,
m3x10,1000.0,0.23,
m3x14,1000.0,0.16,
alignment_shims,100.0,0.05,
fdm_box,20.0,10.0,
fdm_lid,20.0,5.0,
fdm_case,20.0,7.0,
fdm_pocket,20.0,1.0,
card,100.0,0.1,
inner_box,100.0,2.0,
outer_box,100.0,5.5,
padding,1.0,0.0,
tape,160.0,0.7,
label,160.0,0.2,
loss_post,20.0,0.0,
loss_dhl,20.0,0.0,
