parent_id,child_id,qty_per_parent,assy_min,qc_min,pack_min,ship_min,ref,notes,consumables_chf
dev_kit_v1,structure,1,0.0,0.0,0.0,0.0,,,0.0
structure,rails_2u,4,2.0,2.0,1.0,1.0,,,0.1
structure,eps_bay,1,2.0,3.0,1.0,1.0,,,0.1
structure,end_frame,1,2.0,2.0,1.0,1.0,,,0.1
structure,end_plate,1,2.0,2.0,1.0,1.0,,,0.1
structure,dummies_18650,4,2.0,0.0,1.0,1.0,,,0.1
structure,eps_bay_inserts,4,2.0,0.5,1.0,1.0,,,0.1
structure,eps_bay_standoffs,4,2.0,0.5,1.0,1.0,,,0.1
structure,pcb_holders_short,4,2.0,0.5,1.0,1.0,,,0.1
structure,pcb_holders_long,4,2.0,0.5,1.0,1.0,,,0.1
dev_kit_v1,eps_v2,1,0.0,0.0,0.0,0.0,,,0.0
eps_v2,eps_mainboard,1,4.0,5.0,1.0,1.0,,,0.1
eps_v2,bc_pcb,1,0.0,0.0,0.0,0.0,,,0.0
bc_pcb,bc_pcb_pcb,1,10.0,2.0,1.0,1.0,,,0.1
bc_pcb,bc_pcb_comp,1,2.0,0.0,1.0,1.0,,,0.1
bc_pcb,bc_pcb_smt,1,0.0,0.0,0.0,0.0,,,0.0
eps_v2,buck,1,0.0,0.0,0.0,0.0,,,0.0
buck,buck_pcb,1,20.0,3.0,1.0,1.0,,,0.1
buck,buck_comp,1,2.0,0.0,1.0,1.0,,,0.1
buck,buck_smt,1,0.0,0.0,0.0,0.0,,,0.0
eps_v2,charger,1,0.0,0.0,0.0,0.0,,,0.0
charger,charger_pcb,1,20.0,3.0,1.0,1.0,,,0.1
charger,charger_comp,1,2.0,0.0,1.0,1.0,,,0.1
charger,charger_smt,1,0.0,0.0,0.0,0.0,,,0.0
dev_kit_v1,compute,1,0.0,0.0,0.0,0.0,,,0.0
compute,mcu_carrier,2,3.0,5.0,1.0,1.0,,,0.1
compute,cm5_carrier,1,3.0,5.0,1.0,1.0,,,0.1
compute,util_breadboard,1,2.0,1.0,1.0,1.0,,,0.1
dev_kit_v1,interconnect,1,0.0,0.0,0.0,0.0,,,0.0
interconnect,bacbus_12,4,2.0,0.0,1.0,1.0,,,0.1
interconnect,bacbus_30,1,2.0,0.0,1.0,1.0,,,0.1
interconnect,coretx_ra,3,0.0,0.0,0.0,0.0,,,0.0
dev_kit_v1,fasteners,1,0.0,0.0,0.0,0.0,,,0.0
fasteners,m2x4,0,0.0,0.0,1.0,1.0,,,0.5
fasteners,m2x_unknown,0,0.0,0.0,1.0,1.0,,,0.5
fasteners,m2_washers,0,0.0,0.0,1.0,1.0,,,0.5
fasteners,m3x10,10,0.0,0.0,1.0,1.0,,,0.5
fasteners,m3x14,45,0.0,0.0,1.0,1.0,,,0.5
fasteners,alignment_shims,5,2.0,0.0,1.0,1.0,,,0.5
fasteners,m3x30,5,0.0,0.0,1.0,1.0,,,0.5
fasteners,m3_nuts,50,0.0,0.0,1.0,1.0,,,0.5
fasteners,m3_washers,50,0.0,0.0,1.0,1.0,,,0.5
dev_kit_v1,packaging,1,0.0,0.0,0.0,0.0,,,0.0
packaging,fdm_box,1,2.0,0.5,1.0,1.0,,,0.1
packaging,fdm_lid,1,2.0,0.5,1.0,1.0,,,0.1
packaging,fdm_case,1,2.0,0.5,1.0,1.0,,,0.1
packaging,fdm_pocket,4,2.0,0.5,1.0,1.0,,,0.1
packaging,card,1,2.0,0.0,0.0,0.0,,,0.01
packaging,inner_box,1,1.0,0.0,3.0,3.0,,,0.0
packaging,outer_box,1,1.0,0.0,3.0,3.0,,,0.0
packaging,padding,1,1.0,0.0,3.0,3.0,,,0.0
packaging,tape,1,1.0,0.0,1.0,1.0,,,0.0
packaging,label,1,1.0,0.0,0.0,1.0,,,0.0
packaging,m3x30,4,0.0,0.0,1.0,1.0,,Shared fastener reused in packaging,0.0
packaging,m3_nuts,4,0.0,0.0,1.0,1.0,,Shared fastener reused in packaging,0.0
packaging,m3_washers,4,0.0,0.0,1.0,1.0,,Shared fastener reused in packaging,0.0
dev_kit_v1,shipping,1,0.0,0.0,0.0,0.0,,,0.0
shipping,loss_post,0.5,0.0,0.0,0.0,0.0,,,0.0
shipping,loss_dhl,0.5,0.0,0.0,0.0,0.0,,,0.0
edu_kit_v1,eps_v2,1,0,0,0,0,,SHARED subassembly – same EPS as Dev Kit,0
edu_kit_v1,mcu_carrier,1,0,0,0,0,,shared part,0
edu_kit_v1,cm5_carrier,1,0,0,0,0,,shared part,0
edu_kit_v1,util_breadboard,1,0,0,0,0,,shared part,0
edu_kit_v1,edu_structure_1u,1,0,0,0,0,,placeholder qty,0
edu_kit_v1,solar_panels,1,0,0,0,0,,placeholder qty,0
edu_kit_v1,hatch_panels,1,0,0,0,0,,placeholder qty,0
edu_kit_v1,edu_case,1,0,0,0,0,,placeholder qty,0
